gemeente,totaal_inwoners,totaal_mannen,totaal_vrouwen,totaal_0_15,totaal_15_25,totaal_25_45,totaal_45_65,totaal_65_plus,gemiddelde_woz,pct_eengezinswoning,totaal_koopwoningen,totaal_huurwoningen,gemiddeld_inkomen,totaal_laag_inkomen,totaal_bedrijfsvestigingen,gemiddelde_stedelijkheid
's-Gravenhage                           ,1574302.0,779217.0,794810.0,276087.0,191586.0,479045.0,403919.0,224010.0,239.90666666666667,26.980392156862745,6905.0,7880.0,30.279605263157883,1759.8000000000006,146155.0,1.440251572327044
's-Hertogenbosch                        ,456985.0,225631.0,231144.0,73592.0,52724.0,123128.0,129100.0,78101.0,256.247311827957,70.89423076923077,5918.0,4242.0,27.657575757575746,705.7999999999998,47480.0,3.115702479338843
Aa en Hunze                             ,76006.0,37963.0,38183.0,10562.0,7533.0,13003.0,25252.0,18786.0,247.75,96.15873015873017,5042.0,1214.0,27.049999999999994,193.3,6495.0,4.972972972972973
Aalburg                                 ,39162.0,19805.0,19307.0,7557.0,5255.0,9016.0,10734.0,6555.0,263.57894736842104,94.4090909090909,1695.0,501.0,24.636842105263156,59.099999999999994,4535.0,4.913043478260869
Aalsmeer                                ,94088.0,46521.0,47552.0,17631.0,10479.0,21696.0,27294.0,17158.0,324.2307692307692,81.84615384615384,854.0,417.0,30.246153846153845,48.7,10310.0,4.0
Aalten                                  ,81097.0,40840.0,40232.0,13309.0,8818.0,16856.0,24724.0,17120.0,,84.02941176470588,2686.0,681.0,22.903125,98.19999999999999,6230.0,4.5588235294117645
Achtkarspelen                           ,83643.0,42525.0,41103.0,15307.0,9819.0,19184.0,23651.0,15587.0,189.88,94.17857142857143,2063.0,702.0,20.676,133.59999999999997,6875.0,4.892857142857143
Alblasserdam                            ,59948.0,29364.0,30534.0,11868.0,7468.0,13994.0,15235.0,11638.0,217.96153846153845,73.0,1775.0,1019.0,24.788888888888884,135.9,4910.0,2.9444444444444446
Albrandswaard                           ,75255.0,37295.0,37910.0,14058.0,8004.0,17681.0,23210.0,12372.0,271.3478260869565,86.76666666666667,2151.0,808.0,32.63846153846154,87.70000000000002,5885.0,3.911764705882353
Alkmaar                                 ,324973.0,160829.0,163989.0,52232.0,35958.0,85436.0,93077.0,59225.0,209.1,68.51351351351352,4646.0,2665.0,26.538028169014087,470.8999999999999,28205.0,2.5714285714285716
Almelo                                  ,217354.0,108415.0,108859.0,36518.0,25650.0,52599.0,61049.0,40848.0,166.44155844155844,76.32051282051282,4396.0,3356.0,21.94743589743589,794.2999999999997,14840.0,2.814814814814815
Almere                                  ,602684.0,298963.0,303646.0,116575.0,78790.0,166500.0,178106.0,62463.0,214.6346153846154,72.36538461538461,3368.0,1816.0,26.675000000000004,421.2,45860.0,3.1666666666666665
Alphen-Chaam                            ,30198.0,15391.0,14837.0,4685.0,3403.0,5999.0,9774.0,6467.0,361.2,93.26666666666667,1180.0,296.0,30.56666666666667,55.50000000000001,3480.0,5.0
Alphen aan den Rijn                     ,326505.0,162269.0,164006.0,56118.0,38397.0,80207.0,93559.0,58954.0,243.86868686868686,74.12962962962963,7263.0,3458.0,27.50693069306931,458.2,28235.0,3.1025641025641026
Ameland                                 ,10888.0,5389.0,5494.0,1840.0,958.0,2526.0,3087.0,2442.0,231.5,80.625,530.0,216.0,22.46666666666667,28.300000000000004,1585.0,5.0
Amersfoort                              ,462672.0,227523.0,234819.0,89187.0,54451.0,126123.0,129295.0,65616.0,252.42068965517242,62.880503144654085,9199.0,6530.0,28.95503355704698,996.5000000000002,41245.0,2.1818181818181817
Amstelveen                              ,267744.0,128109.0,139525.0,46864.0,31682.0,68921.0,69865.0,50957.0,319.77777777777777,54.86666666666667,2935.0,2844.0,34.87931034482758,319.99999999999994,23385.0,2.032258064516129
Amsterdam                               ,2533577.0,1253127.0,1279285.0,380859.0,328363.0,897484.0,622696.0,308170.0,316.24116424116426,18.002012072434606,16354.0,32773.0,31.112676056338028,6201.899999999995,354475.0,1.5008695652173913
Apeldoorn                               ,480022.0,238371.0,241571.0,77642.0,54168.0,111581.0,139336.0,96360.0,257.5,81.38613861386139,6408.0,3570.0,26.956842105263163,500.69999999999993,37500.0,3.419642857142857
Appingedam                              ,35906.0,17397.0,18504.0,5406.0,3700.0,7573.0,10655.0,8537.0,152.5,81.5,507.0,286.0,23.7375,52.6,1740.0,3.875
Arnhem                                  ,466979.0,233032.0,233862.0,76071.0,60970.0,138119.0,122699.0,68180.0,196.12745098039215,51.00952380952381,4686.0,5640.0,25.33333333333333,1320.5000000000002,39025.0,2.1296296296296298
Assen                                   ,202531.0,99978.0,102423.0,34798.0,22344.0,47647.0,58869.0,37848.0,193.93827160493828,74.83333333333333,6118.0,3119.0,25.645238095238092,591.4999999999999,12705.0,3.408333333333333
Asten                                   ,50104.0,25784.0,24300.0,7794.0,5955.0,10724.0,15165.0,10416.0,355.61538461538464,95.82352941176471,1374.0,316.0,25.91333333333333,51.7,5285.0,4.588235294117647
Baarle-Nassau                           ,19952.0,10126.0,9811.0,2744.0,1798.0,4093.0,6006.0,5276.0,265.25,91.0909090909091,850.0,245.0,25.419999999999998,37.9,2585.0,4.818181818181818
Baarn                                   ,73529.0,35463.0,38006.0,11902.0,7319.0,15497.0,22314.0,16797.0,357.4,67.26923076923077,1554.0,911.0,34.43600000000001,122.5,8725.0,3.185185185185185
Barendrecht                             ,144894.0,71410.0,73284.0,28264.0,17621.0,32500.0,43569.0,23460.0,254.546875,78.88059701492537,4625.0,2055.0,29.62153846153847,238.70000000000005,13385.0,2.755813953488372
Barneveld                               ,169081.0,84101.0,84905.0,36371.0,23621.0,39851.0,41883.0,26810.0,301.9622641509434,82.6,3784.0,1578.0,24.707272727272724,203.4,18595.0,4.155172413793103
Bedum                                   ,31424.0,15721.0,15698.0,5156.0,3611.0,6581.0,9573.0,6478.0,186.57142857142858,93.7,789.0,206.0,24.34444444444445,32.5,2110.0,4.7
Beek                                    ,47826.0,23387.0,24429.0,5967.0,5110.0,9627.0,15535.0,11577.0,222.6,87.7,781.0,210.0,27.229999999999997,32.1,4390.0,4.545454545454546
Beemster                                ,27585.0,13725.0,13850.0,4547.0,3152.0,5763.0,8612.0,5596.0,375.5,94.07692307692308,1066.0,223.0,31.761538461538464,40.400000000000006,3390.0,4.538461538461538
Beesel                                  ,40200.0,20278.0,19887.0,6037.0,4256.0,8307.0,12876.0,8679.0,207.0,93.54545454545455,846.0,249.0,25.3875,25.6,2600.0,4.636363636363637
Bellingwedde                            ,26724.0,13579.0,13135.0,3427.0,2505.0,4751.0,8777.0,7159.0,171.05555555555554,96.1923076923077,2030.0,542.0,23.049999999999997,88.79999999999998,2110.0,5.0
Berg en Dal                             ,104379.0,51998.0,52486.0,14728.0,11795.0,20378.0,33408.0,24445.0,249.7,81.64444444444445,2971.0,1490.0,28.079999999999995,240.9,7940.0,4.5636363636363635
Bergeijk                                ,55067.0,28069.0,27053.0,8460.0,6661.0,11339.0,17112.0,11700.0,320.6,87.63636363636364,1810.0,355.0,27.64761904761904,63.4,6140.0,4.863636363636363
Bergen (L.)                             ,39235.0,19562.0,19643.0,5488.0,4420.0,7450.0,13154.0,8663.0,231.85714285714286,95.28571428571429,1593.0,503.0,24.93809523809524,89.39999999999999,3025.0,4.916666666666667
Bergen (NH.)                            ,89439.0,43070.0,46289.0,11449.0,9258.0,13177.0,28345.0,27495.0,410.219512195122,72.79545454545455,2896.0,1304.0,33.924390243902444,196.3,9885.0,4.045454545454546
Bergen op Zoom                          ,198384.0,98135.0,100159.0,30046.0,22091.0,45685.0,59811.0,40661.0,,78.55813953488372,2804.0,1476.0,26.182499999999997,258.4999999999999,14375.0,2.9555555555555557
Berkelland                              ,132783.0,66754.0,66129.0,20452.0,14918.0,25423.0,41316.0,31019.0,250.40540540540542,76.71428571428571,3170.0,967.0,24.121951219512194,136.79999999999998,11535.0,4.642857142857143
Bernheze                                ,90873.0,45888.0,45095.0,15265.0,11435.0,19466.0,27210.0,17972.0,,90.86666666666666,4413.0,1526.0,26.04166666666667,232.70000000000002,8975.0,4.133333333333334
Best                                    ,87505.0,43808.0,43672.0,14351.0,10716.0,18818.0,27697.0,15858.0,301.375,82.29411764705883,1247.0,443.0,30.393749999999997,67.19999999999999,7520.0,3.263157894736842
Beuningen                               ,76229.0,38052.0,38137.0,11755.0,8703.0,16475.0,25393.0,13648.0,239.94444444444446,90.16279069767442,3191.0,1082.0,27.5375,165.2,6165.0,3.9791666666666665
Beverwijk                               ,122044.0,60872.0,61067.0,20236.0,13813.0,32296.0,34435.0,21604.0,190.70731707317074,63.09090909090909,2551.0,1827.0,25.416279069767434,291.20000000000005,10690.0,1.875
Binnenmaas                              ,87272.0,43209.0,43958.0,14145.0,8785.0,18996.0,25998.0,19443.0,259.4848484848485,90.3953488372093,3362.0,928.0,31.651351351351355,80.0,7640.0,4.583333333333333
Bladel                                  ,60223.0,30572.0,29696.0,9625.0,7060.0,13225.0,18113.0,12370.0,310.2857142857143,88.42105263157895,1505.0,373.0,26.431578947368422,61.199999999999996,6130.0,4.714285714285714
Blaricum                                ,30591.0,14873.0,15703.0,5157.0,2773.0,5729.0,8957.0,8015.0,622.8333333333334,86.33333333333333,409.0,189.0,48.63333333333333,24.7,3960.0,3.9
Bloemendaal                             ,68431.0,32910.0,35461.0,12162.0,7307.0,10283.0,20946.0,17918.0,550.0,69.0,1789.0,997.0,44.434615384615384,134.7,7885.0,3.7142857142857144
Bodegraven-Reeuwijk                     ,101288.0,50816.0,50597.0,18516.0,12476.0,22259.0,28709.0,19653.0,336.59375,90.0,3502.0,841.0,30.905263157894726,99.10000000000001,11210.0,4.297872340425532
Boekel                                  ,31224.0,15956.0,15243.0,5371.0,4133.0,6912.0,9217.0,5561.0,283.0,91.0909090909091,879.0,194.0,23.963636363636365,44.7,3320.0,4.7272727272727275
Borger-Odoorn                           ,76195.0,38071.0,38229.0,10741.0,8054.0,14201.0,24746.0,17723.0,196.24242424242425,97.4074074074074,4345.0,1042.0,25.14473684210526,141.89999999999998,6625.0,4.983606557377049
Borne                                   ,68370.0,34221.0,34129.0,12056.0,7252.0,15543.0,19346.0,14028.0,245.72222222222223,90.94444444444444,1299.0,496.0,24.977777777777774,88.59999999999998,4965.0,3.7222222222222223
Borsele                                 ,67998.0,34326.0,33567.0,12024.0,7961.0,14828.0,20231.0,13034.0,226.42857142857142,96.30434782608695,3646.0,933.0,25.917777777777772,171.7,6150.0,4.9361702127659575
Boxmeer                                 ,86044.0,43324.0,42645.0,12755.0,10417.0,17078.0,27497.0,18172.0,271.2432432432432,90.925,3145.0,842.0,25.531578947368427,125.39999999999999,6675.0,4.619047619047619
Boxtel                                  ,91926.0,45657.0,46229.0,14975.0,10539.0,20944.0,26354.0,19049.0,334.6666666666667,87.33333333333333,1525.0,536.0,27.405,58.8,7885.0,4.333333333333333
Breda                                   ,546559.0,268519.0,277920.0,87306.0,75358.0,143315.0,143912.0,96468.0,280.4032258064516,67.8030303030303,4011.0,2551.0,29.052380952380947,453.5,51080.0,2.6911764705882355
Brielle                                 ,50463.0,24740.0,25668.0,7256.0,5499.0,11046.0,15826.0,10931.0,,85.0,1301.0,491.0,30.31176470588235,58.99999999999999,4175.0,4.3
Bronckhorst                             ,109315.0,54535.0,54880.0,16088.0,12402.0,18430.0,36152.0,26648.0,279.6,86.76470588235294,3775.0,1237.0,25.99148936170213,156.7,11605.0,4.9411764705882355
Brummen                                 ,62478.0,30802.0,31636.0,9042.0,7176.0,12012.0,19666.0,15067.0,292.5135135135135,89.8409090909091,3150.0,1184.0,27.949999999999992,133.29999999999998,5125.0,4.478260869565218
Brunssum                                ,84978.0,41528.0,43355.0,11129.0,8407.0,18169.0,27346.0,19767.0,141.53658536585365,70.51162790697674,2622.0,1595.0,22.809756097560975,273.79999999999995,4325.0,2.823529411764706
Bunnik                                  ,45451.0,22500.0,22931.0,8299.0,4693.0,9200.0,13602.0,9777.0,333.6666666666667,89.16666666666667,861.0,333.0,29.827272727272724,29.0,4890.0,4.583333333333333
Bunschoten                              ,63045.0,31458.0,31562.0,12470.0,8453.0,16610.0,15738.0,9879.0,273.2,82.91666666666667,875.0,308.0,24.850000000000005,39.2,6070.0,3.6666666666666665
Buren                                   ,78973.0,39572.0,39366.0,13143.0,9178.0,16635.0,25629.0,14913.0,304.675,93.12765957446808,3696.0,954.0,27.55909090909091,140.39999999999998,9290.0,5.0
Capelle aan den IJssel                  ,199106.0,96080.0,102881.0,32954.0,22977.0,48050.0,57564.0,37681.0,206.38888888888889,52.78082191780822,4088.0,3170.0,27.172222222222217,528.7999999999998,15285.0,1.9438202247191012
Castricum                               ,105596.0,51714.0,53837.0,15755.0,12606.0,19972.0,32063.0,25385.0,293.34615384615387,80.42857142857143,2141.0,653.0,30.492307692307694,100.1,9155.0,3.4285714285714284
Coevorden                               ,105791.0,52714.0,52997.0,16288.0,10984.0,21084.0,32841.0,23904.0,225.13333333333333,94.14492753623189,5650.0,1185.0,25.60892857142857,234.40000000000003,8785.0,4.8076923076923075
Cranendonck                             ,62076.0,31264.0,30862.0,9117.0,6839.0,13036.0,18922.0,13827.0,286.05555555555554,94.21739130434783,1884.0,380.0,27.113636363636363,55.699999999999996,5920.0,4.814814814814815
Cromstrijen                             ,38372.0,19015.0,19327.0,5701.0,4163.0,7724.0,12157.0,8647.0,269.09090909090907,89.0,934.0,260.0,31.16363636363636,24.999999999999996,3910.0,4.666666666666667
Cuijk                                   ,74131.0,36975.0,37221.0,11518.0,8645.0,16250.0,22454.0,14944.0,266.625,89.57692307692308,2031.0,548.0,26.504,77.89999999999999,5400.0,4.5
Culemborg                               ,83579.0,41576.0,41993.0,14625.0,9930.0,19195.0,25545.0,14364.0,216.44444444444446,75.4,619.0,363.0,26.26,61.599999999999994,7260.0,2.9
Dalfsen                                 ,84175.0,42610.0,41515.0,14795.0,9953.0,17468.0,24790.0,16809.0,289.9428571428571,87.7,2982.0,996.0,25.07027027027027,109.2,7645.0,4.675
Dantumadiel                             ,56867.0,28646.0,28251.0,9635.0,6938.0,11990.0,16587.0,11877.0,181.5,95.95238095238095,1641.0,435.0,20.58235294117647,74.8,3985.0,4.863636363636363
De Bilt                                 ,128209.0,61249.0,66910.0,21845.0,13736.0,24818.0,38018.0,30102.0,388.6842105263158,81.33333333333333,1603.0,738.0,32.92727272727273,90.79999999999997,13345.0,4.041666666666667
De Fryske Marren                        ,154980.0,78193.0,77002.0,26485.0,17432.0,32626.0,45716.0,33686.0,219.48235294117646,95.46551724137932,9042.0,2465.0,24.05773195876288,410.39999999999986,16330.0,4.786885245901639
De Marne                                ,30333.0,15370.0,15038.0,4623.0,2886.0,6035.0,9472.0,6907.0,144.56521739130434,96.81818181818181,2393.0,855.0,22.849999999999998,130.6,2855.0,5.0
Delft                                   ,303951.0,161750.0,141986.0,38569.0,60782.0,85961.0,72103.0,46721.0,189.2125,37.23529411764706,3404.0,5008.0,24.819753086419745,782.5999999999999,22965.0,1.5728155339805825
Delfzijl                                ,74860.0,37635.0,37190.0,10643.0,7806.0,15034.0,23354.0,17918.0,133.48,90.0,2084.0,700.0,22.932000000000002,146.20000000000002,4765.0,4.7
Den Helder                              ,167920.0,83095.0,84680.0,24881.0,18775.0,38354.0,50592.0,35798.0,155.58928571428572,73.53968253968254,3443.0,2721.0,24.418644067796613,507.9,8640.0,2.9324324324324325
Deurne                                  ,95748.0,48166.0,47537.0,14601.0,11721.0,20301.0,29631.0,19439.0,268.9130434782609,91.95652173913044,1685.0,578.0,25.082608695652173,96.1,9215.0,4.434782608695652
Deventer                                ,297795.0,147099.0,150621.0,50982.0,35262.0,76890.0,82755.0,51161.0,208.43243243243242,71.9620253164557,4664.0,3175.0,24.872727272727268,587.3999999999999,21700.0,2.9166666666666665
Diemen                                  ,81762.0,39696.0,42011.0,12373.0,13493.0,21560.0,21628.0,12888.0,237.36,55.03846153846154,1149.0,1358.0,25.592,211.39999999999998,6940.0,1.8620689655172413
Dinkelland                              ,78849.0,40337.0,38602.0,12972.0,10374.0,15867.0,23801.0,16280.0,266.85714285714283,87.44642857142857,4145.0,1287.0,24.662264150943404,154.0,7860.0,4.689655172413793
Doesburg                                ,34011.0,16629.0,17377.0,4793.0,3942.0,6719.0,10908.0,7754.0,184.375,82.77777777777777,475.0,421.0,23.08888888888889,71.3,2320.0,4.076923076923077
Doetinchem                              ,171113.0,84684.0,86344.0,27884.0,19583.0,39031.0,51373.0,34277.0,219.01492537313433,78.45238095238095,5869.0,2477.0,25.722972972972986,408.2000000000001,14235.0,3.831578947368421
Dongen                                  ,76494.0,38154.0,38305.0,11941.0,8667.0,17295.0,23085.0,15436.0,264.8125,90.76470588235294,1289.0,407.0,26.456249999999994,53.2,6435.0,3.95
Dongeradeel                             ,71651.0,35762.0,35784.0,12480.0,8411.0,15268.0,20371.0,14821.0,146.725,94.37704918032787,4707.0,1335.0,20.90444444444445,217.2,5600.0,4.75
Dordrecht                               ,355841.0,175704.0,179867.0,57652.0,42286.0,90093.0,101076.0,64919.0,174.05504587155963,59.88495575221239,6811.0,4375.0,25.689908256880727,932.3,26370.0,2.119718309859155
Drechterland                            ,58124.0,29455.0,28614.0,9743.0,7010.0,12493.0,17347.0,11671.0,257.8,94.08333333333333,1947.0,437.0,26.83913043478261,66.8,5615.0,4.916666666666667
Drimmelen                               ,80644.0,40462.0,40242.0,11946.0,8948.0,17139.0,25746.0,17050.0,268.7647058823529,93.36363636363636,1711.0,475.0,28.666666666666668,46.8,7600.0,4.72
Dronten                                 ,122131.0,61402.0,60654.0,21311.0,17226.0,28014.0,35454.0,20746.0,209.2058823529412,84.52380952380952,2743.0,1416.0,23.88918918918919,233.1,11030.0,4.14
Druten                                  ,55658.0,27720.0,27938.0,9128.0,6622.0,12516.0,17529.0,10083.0,251.73333333333332,89.73684210526316,1340.0,543.0,26.083333333333332,71.20000000000002,4640.0,4.521739130434782
Duiven                                  ,76178.0,37563.0,38595.0,12068.0,9842.0,15234.0,26184.0,13090.0,219.41176470588235,88.15789473684211,1331.0,559.0,25.915789473684214,80.49999999999999,5735.0,3.761904761904762
Echt-Susteren                           ,95570.0,48127.0,47568.0,12057.0,9268.0,19206.0,31795.0,22534.0,206.45945945945945,91.91836734693878,3705.0,1110.0,25.669230769230776,154.8,8025.0,4.636363636363637
Edam-Volendam                           ,107335.0,53651.0,53614.0,18238.0,13238.0,23871.0,31186.0,21002.0,267.7741935483871,90.08333333333333,2896.0,696.0,29.583333333333332,103.09999999999998,11925.0,3.789473684210526
Ede                                     ,340136.0,167649.0,172447.0,62486.0,46154.0,81403.0,91218.0,59890.0,282.88461538461536,74.79761904761905,5338.0,2372.0,25.083544303797474,427.0,30990.0,3.595505617977528
Eemnes                                  ,26974.0,13274.0,13675.0,4590.0,3151.0,5331.0,8721.0,5306.0,352.0,91.0,669.0,223.0,31.71111111111111,27.8,3380.0,4.416666666666667
Eemsmond                                ,47031.0,23984.0,23087.0,7293.0,5287.0,9340.0,14431.0,10335.0,157.9047619047619,95.2258064516129,2268.0,821.0,21.71304347826087,128.60000000000002,3775.0,4.9375
Eersel                                  ,55614.0,28171.0,27368.0,8428.0,6490.0,11377.0,17442.0,11802.0,323.0416666666667,78.86206896551724,2186.0,548.0,29.207692307692305,74.89999999999999,5790.0,4.7
Eijsden-Margraten                       ,75972.0,37879.0,38188.0,10294.0,8820.0,14890.0,24272.0,18031.0,242.66666666666666,82.35,2995.0,912.0,27.468749999999996,84.99999999999999,6235.0,4.926829268292683
Eindhoven                               ,680338.0,348692.0,331436.0,99715.0,93928.0,205344.0,167811.0,113180.0,236.50485436893203,62.79816513761468,5169.0,5282.0,28.832380952380944,940.7000000000003,58775.0,2.1463414634146343
Elburg                                  ,69061.0,34378.0,34653.0,13293.0,8384.0,16201.0,18405.0,13013.0,247.47368421052633,83.15,1353.0,607.0,23.1,84.69999999999997,5385.0,4.380952380952381
Emmen                                   ,322370.0,160281.0,162004.0,48671.0,35838.0,70570.0,97075.0,69221.0,176.57303370786516,91.27184466019418,7645.0,2500.0,23.14999999999999,468.99999999999983,22635.0,4.612612612612613
Enkhuizen                               ,55409.0,27869.0,27530.0,8944.0,6091.0,13295.0,15965.0,11179.0,193.0,77.0909090909091,648.0,434.0,25.263636363636365,59.5,5065.0,3.1818181818181817
Enschede                                ,474340.0,241393.0,232877.0,73296.0,72589.0,124491.0,121763.0,81471.0,189.78666666666666,71.57692307692308,4220.0,3431.0,22.839473684210528,837.0000000000001,33015.0,2.6666666666666665
Epe                                     ,97567.0,48366.0,49181.0,14790.0,10786.0,19265.0,29385.0,23666.0,326.4074074074074,83.51851851851852,1894.0,771.0,27.98518518518519,126.80000000000003,8505.0,4.448275862068965
Ermelo                                  ,79765.0,39513.0,40227.0,12281.0,9935.0,16643.0,23060.0,18041.0,317.9230769230769,80.84210526315789,1059.0,763.0,27.233333333333334,71.20000000000002,7155.0,4.473684210526316
Etten-Leur                              ,128967.0,63618.0,65229.0,21892.0,13680.0,31337.0,37030.0,24873.0,272.5217391304348,83.29411764705883,3458.0,1610.0,27.026530612244898,208.60000000000002,10200.0,3.1403508771929824
Ferwerderadiel                          ,26245.0,13468.0,12827.0,4927.0,2893.0,5809.0,7623.0,5173.0,163.0,97.38095238095238,1630.0,434.0,21.32,68.6,2070.0,5.0
Franekeradeel                           ,60600.0,30452.0,30108.0,9717.0,6788.0,13106.0,17964.0,12845.0,147.375,93.42857142857143,2981.0,1186.0,21.650000000000002,200.1,4850.0,4.583333333333333
Geertruidenberg                         ,64474.0,32054.0,32410.0,10457.0,6764.0,15167.0,19320.0,12721.0,209.4,76.64285714285714,811.0,571.0,25.690909090909088,45.39999999999999,5645.0,3.933333333333333
Geldermalsen                            ,79712.0,39509.0,40193.0,14228.0,9957.0,16981.0,24058.0,14923.0,298.09375,91.0,2851.0,889.0,28.224324324324318,115.29999999999998,8865.0,4.615384615384615
Geldrop-Mierlo                          ,117263.0,58133.0,59160.0,18469.0,13080.0,26379.0,34708.0,24742.0,257.42857142857144,81.64285714285714,963.0,436.0,26.785714285714285,72.60000000000001,8965.0,3.0714285714285716
Gemert-Bakel                            ,90124.0,45577.0,44622.0,14932.0,10287.0,21230.0,27049.0,16256.0,284.8666666666667,91.25,2389.0,778.0,25.5125,134.8,8520.0,4.65625
Gennep                                  ,51339.0,26201.0,25108.0,7909.0,5271.0,10688.0,16209.0,11207.0,249.55,93.76190476190476,1510.0,577.0,24.095238095238095,93.1,3865.0,4.590909090909091
Giessenlanden                           ,43736.0,22139.0,21512.0,7568.0,5603.0,8978.0,13110.0,8522.0,344.0769230769231,89.81818181818181,2708.0,585.0,30.543750000000006,56.3,4680.0,5.0
Gilze en Rijen                          ,78640.0,39362.0,39243.0,12924.0,8887.0,18014.0,23097.0,15653.0,298.3333333333333,90.46666666666667,1108.0,368.0,26.966666666666665,52.8,6350.0,4.333333333333333
Goeree-Overflakkee                      ,146068.0,72267.0,73991.0,24457.0,16412.0,32131.0,43198.0,30490.0,232.64912280701753,89.52307692307693,4390.0,2065.0,26.97460317460317,226.80000000000004,13000.0,4.506849315068493
Goes                                    ,111734.0,54759.0,56925.0,16402.0,12246.0,25067.0,32695.0,25454.0,237.48387096774192,88.73684210526316,2791.0,959.0,27.44242424242424,125.80000000000001,10070.0,4.230769230769231
Goirle                                  ,69847.0,34538.0,35214.0,11793.0,7051.0,15069.0,20808.0,14981.0,290.57142857142856,86.47826086956522,3438.0,1115.0,28.393181818181816,153.99999999999997,5715.0,3.6
Gooise Meren                            ,170925.0,82328.0,88732.0,32871.0,17306.0,35186.0,49979.0,36048.0,419.32142857142856,73.87931034482759,3893.0,1805.0,39.659649122807,291.1,22655.0,2.619047619047619
Gorinchem                               ,107160.0,52832.0,54223.0,17826.0,12688.0,27313.0,30334.0,19114.0,216.65384615384616,71.125,1900.0,1287.0,26.265384615384622,146.90000000000003,9190.0,3.3
Gouda                                   ,215122.0,105494.0,109533.0,37130.0,25986.0,52664.0,60443.0,39059.0,198.71153846153845,63.5,3028.0,2317.0,26.938461538461542,400.99999999999994,15950.0,2.0350877192982457
Grave                                   ,37070.0,18921.0,18109.0,5696.0,4293.0,7942.0,11425.0,7644.0,257.85714285714283,83.04761904761905,1539.0,531.0,25.666666666666668,60.00000000000001,2710.0,4.545454545454546
Groningen                               ,607771.0,303815.0,303856.0,73674.0,144086.0,184644.0,129919.0,75023.0,186.16470588235293,52.84375,5057.0,4410.0,24.78369565217392,1079.2999999999997,47055.0,2.5806451612903225
Grootegast                              ,36476.0,18558.0,17898.0,6687.0,4537.0,7984.0,10839.0,6354.0,211.8095238095238,95.9047619047619,1647.0,425.0,21.43809523809524,80.0,3145.0,5.0
Gulpen-Wittem                           ,43062.0,21786.0,21391.0,4928.0,4261.0,8075.0,14717.0,11406.0,231.60714285714286,86.48571428571428,2569.0,855.0,27.006666666666668,108.79999999999998,3845.0,4.972972972972973
Haaksbergen                             ,72732.0,36486.0,36191.0,11486.0,8059.0,14393.0,22206.0,16268.0,239.0,88.8108108108108,2646.0,950.0,24.58611111111111,137.3,6170.0,4.052631578947368
Haaren                                  ,41707.0,21260.0,20422.0,5932.0,5084.0,7812.0,13593.0,9236.0,363.52941176470586,85.3157894736842,1432.0,325.0,30.842105263157894,60.3,4480.0,4.95
Haarlem                                 ,477414.0,233806.0,243343.0,81187.0,49791.0,139456.0,127302.0,80588.0,259.7606837606838,54.88135593220339,6475.0,5207.0,28.252991452991466,860.3999999999997,48820.0,1.4166666666666667
Haarlemmerliede en Spaarnwoude          ,16980.0,8436.0,8529.0,2624.0,2117.0,3647.0,5638.0,3004.0,327.6666666666667,84.0,524.0,271.0,29.825000000000003,21.6,1985.0,4.625
Haarlemmermeer                          ,437813.0,217693.0,219890.0,79475.0,52682.0,104579.0,131926.0,69826.0,284.2682926829268,80.56382978723404,6396.0,2895.0,29.067058823529404,363.19999999999993,44880.0,3.6538461538461537
Halderberge                             ,88799.0,44107.0,44727.0,13155.0,9223.0,18589.0,27663.0,19849.0,274.6,92.07692307692308,1912.0,672.0,26.831999999999997,111.3,7915.0,4.423076923076923
Hardenberg                              ,180506.0,91288.0,89153.0,32972.0,22883.0,40835.0,51255.0,31701.0,237.80232558139534,91.4795918367347,7587.0,2111.0,22.597849462365595,333.5,14110.0,4.83
Harderwijk                              ,138992.0,68653.0,70234.0,25806.0,16239.0,35515.0,38117.0,24155.0,257.7586206896552,71.34328358208955,4000.0,2593.0,25.559375000000003,383.29999999999995,11030.0,2.9871794871794872
Hardinxveld-Giessendam                  ,53607.0,26830.0,26772.0,10566.0,6979.0,12736.0,13652.0,9689.0,221.66666666666666,73.66666666666667,373.0,221.0,23.25,24.4,4940.0,3.5
Haren                                   ,58690.0,27974.0,30701.0,9925.0,5668.0,10752.0,16866.0,15434.0,363.6923076923077,86.1875,1232.0,362.0,34.157142857142865,60.49999999999999,5030.0,4.647058823529412
Harlingen                               ,47560.0,23963.0,23592.0,7653.0,5256.0,9750.0,13781.0,11055.0,155.92307692307693,85.46666666666667,953.0,535.0,22.80666666666667,127.10000000000001,4240.0,4.0625
Hattem                                  ,36105.0,17776.0,18319.0,6511.0,3929.0,7715.0,10256.0,7839.0,295.3636363636364,86.46153846153847,923.0,363.0,28.736363636363635,37.199999999999996,2785.0,4.384615384615385
Heemskerk                               ,117426.0,57506.0,59825.0,18106.0,13851.0,25522.0,35344.0,24923.0,252.575,70.05,2494.0,1475.0,27.96750000000001,186.29999999999998,7530.0,2.36734693877551
Heemstede                               ,80781.0,37946.0,42795.0,14328.0,7251.0,14509.0,23464.0,21339.0,400.0,60.94444444444444,1047.0,616.0,38.2470588235294,77.39999999999999,8580.0,2.7222222222222223
Heerde                                  ,55666.0,27416.0,28225.0,9125.0,6090.0,11488.0,16694.0,12464.0,303.64285714285717,86.52941176470588,1377.0,301.0,25.566666666666666,34.0,4120.0,4.777777777777778
Heerenveen                              ,150593.0,74657.0,75881.0,25010.0,16845.0,33873.0,43549.0,31151.0,226.43243243243242,87.34210526315789,2794.0,978.0,24.899999999999995,207.29999999999998,13350.0,4.333333333333333
Heerhugowaard                           ,164755.0,83044.0,81591.0,31021.0,19150.0,42812.0,44250.0,27907.0,211.42,79.48214285714286,3928.0,1650.0,25.222641509433963,254.89999999999995,11935.0,3.1475409836065573
Heerlen                                 ,261394.0,129740.0,131544.0,33430.0,27609.0,61610.0,80843.0,57332.0,133.95890410958904,67.23076923076923,3905.0,3779.0,23.11232876712329,869.1000000000001,15785.0,2.580246913580247
Heeze-Leende                            ,47164.0,23964.0,23255.0,6944.0,5192.0,9195.0,14880.0,10753.0,384.15384615384613,92.8125,1242.0,318.0,30.52142857142857,48.0,5045.0,4.823529411764706
Heiloo                                  ,68522.0,33869.0,34598.0,10727.0,7153.0,12052.0,20756.0,17994.0,310.2608695652174,76.96153846153847,1879.0,668.0,30.79583333333333,144.1,5860.0,3.310344827586207
Hellendoorn                             ,107267.0,53622.0,53585.0,18175.0,11940.0,23570.0,31069.0,22068.0,240.04347826086956,87.54166666666667,3517.0,1257.0,23.619565217391294,164.5,7765.0,4.183673469387755
Hellevoetsluis                          ,116077.0,57391.0,58581.0,18197.0,12491.0,27012.0,35705.0,22762.0,221.33333333333334,72.72727272727273,2859.0,1524.0,28.54651162790697,234.79999999999995,7390.0,2.8085106382978724
Helmond                                 ,271578.0,136727.0,134746.0,48068.0,31518.0,68959.0,78255.0,44583.0,212.6530612244898,77.29629629629629,3139.0,2252.0,24.140000000000004,413.6000000000001,19780.0,2.8947368421052633
Hendrik-Ido-Ambacht                     ,89156.0,43909.0,45212.0,18165.0,10234.0,22550.0,23442.0,14775.0,218.5,82.27777777777777,1225.0,530.0,27.161538461538463,49.199999999999996,6575.0,2.7222222222222223
Hengelo                                 ,242372.0,121335.0,120907.0,39490.0,28022.0,59121.0,68746.0,46358.0,189.42592592592592,76.14285714285714,3832.0,2404.0,24.518965517241377,425.70000000000005,18390.0,3.0136986301369864
het Bildt                               ,31453.0,15990.0,15448.0,5340.0,3537.0,6604.0,9476.0,6416.0,149.0625,97.3,1564.0,411.0,21.46111111111111,82.89999999999999,2620.0,4.95
Heumen                                  ,49405.0,24464.0,24931.0,7589.0,5911.0,8730.0,16263.0,11137.0,308.53333333333336,90.35,1586.0,386.0,29.637500000000003,46.800000000000004,4195.0,4.636363636363637
Heusden                                 ,130487.0,65345.0,65092.0,21144.0,15150.0,28996.0,39557.0,25515.0,288.8888888888889,86.48275862068965,2114.0,746.0,27.05555555555556,123.60000000000001,12155.0,4.172413793103448
Hillegom                                ,63896.0,31585.0,32261.0,10131.0,6644.0,15062.0,18972.0,13152.0,237.8695652173913,76.84,1669.0,812.0,26.982608695652175,102.8,5595.0,2.962962962962963
Hilvarenbeek                            ,45808.0,23066.0,22722.0,7210.0,5261.0,9072.0,14584.0,9646.0,318.1875,95.58823529411765,1352.0,317.0,27.858823529411772,48.900000000000006,5005.0,4.823529411764706
Hilversum                               ,266568.0,130741.0,135727.0,45473.0,28732.0,69738.0,72404.0,50571.0,331.3488372093023,65.33333333333333,2589.0,1842.0,32.93181818181818,305.1,29715.0,2.169811320754717
Hof van Twente                          ,105151.0,52346.0,52930.0,16446.0,11941.0,20583.0,31126.0,25470.0,255.3846153846154,88.92727272727272,3771.0,1638.0,26.47592592592592,187.50000000000003,10720.0,4.406779661016949
Hollands Kroon                          ,142925.0,72392.0,70638.0,23555.0,17028.0,30910.0,43595.0,28262.0,238.38636363636363,94.69090909090909,4325.0,1125.0,26.171428571428574,188.49999999999994,14475.0,4.894736842105263
Hoogeveen                               ,165871.0,82707.0,83114.0,28558.0,18899.0,39026.0,44855.0,33968.0,199.84615384615384,84.9,4338.0,1632.0,22.271428571428576,283.3999999999999,12100.0,4.225806451612903
Hoogezand-Sappemeer                     ,102652.0,50666.0,51931.0,15781.0,11153.0,22938.0,30190.0,22345.0,157.2173913043478,79.6078431372549,3479.0,1557.0,22.885416666666668,331.09999999999997,5840.0,3.736842105263158
Hoorn                                   ,217298.0,107049.0,110099.0,37301.0,25324.0,55303.0,60810.0,39175.0,195.15942028985506,73.48648648648648,4610.0,2662.0,25.898571428571426,463.7,17120.0,2.662921348314607
Horst aan de Maas                       ,126549.0,63780.0,62914.0,19405.0,14819.0,27079.0,39398.0,25073.0,250.5438596491228,93.09836065573771,4891.0,1179.0,24.946666666666662,192.29999999999998,10345.0,4.575757575757576
Houten                                  ,147770.0,72893.0,74762.0,30185.0,17090.0,35049.0,46832.0,19384.0,297.92452830188677,82.45762711864407,4176.0,1700.0,30.327272727272717,181.39999999999998,13320.0,3.3285714285714287
Huizen                                  ,124077.0,60171.0,63791.0,20036.0,13489.0,25186.0,39010.0,26651.0,398.0,75.36585365853658,2633.0,1452.0,37.07179487179486,214.20000000000005,12245.0,2.8636363636363638
Hulst                                   ,82075.0,40850.0,41125.0,11169.0,7937.0,16860.0,26689.0,19520.0,197.91666666666666,94.10204081632654,3815.0,1046.0,26.575555555555553,162.4,6135.0,4.849056603773585
IJsselstein                             ,102563.0,49892.0,52621.0,19069.0,12449.0,24015.0,30929.0,16446.0,253.1851851851852,70.67857142857143,1789.0,975.0,28.52857142857142,114.00000000000001,8515.0,2.40625
Kaag en Braassem                        ,79194.0,40148.0,39081.0,12807.0,9216.0,17149.0,24596.0,15641.0,273.82608695652175,86.80645161290323,2112.0,947.0,28.496153846153845,104.5,8195.0,4.575757575757576
Kampen                                  ,157501.0,78484.0,78967.0,31548.0,19650.0,39833.0,40361.0,25729.0,235.0909090909091,88.2439024390244,3080.0,982.0,22.353846153846153,136.9,12380.0,3.909090909090909
Kapelle                                 ,37847.0,18908.0,18924.0,7120.0,4238.0,8311.0,10934.0,7259.0,233.0,94.33333333333333,699.0,196.0,26.1,32.9,3310.0,4.7
Katwijk                                 ,193527.0,96278.0,97159.0,36914.0,24352.0,47975.0,51604.0,32762.0,263.71875,59.515151515151516,2100.0,1164.0,25.028125000000003,150.10000000000002,12685.0,2.275
Kerkrade                                ,137767.0,68858.0,68874.0,17194.0,12298.0,29849.0,45148.0,33118.0,130.47619047619048,66.71428571428571,1118.0,955.0,21.99047619047619,227.89999999999998,7560.0,2.6818181818181817
Koggenland                              ,67617.0,34070.0,33592.0,11531.0,8443.0,14513.0,19997.0,12833.0,259.7083333333333,87.07407407407408,2169.0,504.0,26.63333333333333,82.69999999999999,6900.0,4.814814814814815
Kollumerland en Nieuwkruisland          ,38597.0,19750.0,18817.0,6820.0,4606.0,8652.0,11202.0,7217.0,179.11111111111111,95.44,1896.0,581.0,20.965000000000003,93.39999999999999,3275.0,4.92
Korendijk                               ,32834.0,16329.0,16465.0,5666.0,3821.0,6678.0,10022.0,6692.0,249.3125,94.15,1594.0,401.0,28.80555555555556,37.0,2920.0,5.0
Krimpen aan den IJssel                  ,87353.0,42309.0,45024.0,15459.0,10275.0,17844.0,23428.0,20362.0,224.125,72.25,495.0,296.0,26.387500000000003,40.0,6280.0,2.125
Krimpenerwaard                          ,165764.0,82092.0,83882.0,28368.0,21113.0,35903.0,47419.0,33611.0,282.3833333333333,84.73684210526316,5578.0,1981.0,28.024615384615384,224.1,15850.0,4.283950617283951
Laarbeek                                ,65857.0,33389.0,32503.0,10452.0,7317.0,14020.0,19942.0,13881.0,290.53333333333336,88.88235294117646,1273.0,409.0,25.505882352941175,71.19999999999999,6040.0,4.65
Landerd                                 ,46037.0,23500.0,22567.0,7443.0,5649.0,9198.0,14224.0,9308.0,324.06666666666666,92.70588235294117,1377.0,302.0,25.570588235294114,54.6,4675.0,4.833333333333333
Landgraaf                               ,112308.0,55270.0,56998.0,14361.0,11027.0,23354.0,37174.0,26302.0,162.64285714285714,79.20689655172414,1844.0,1031.0,24.36785714285715,204.99999999999994,5885.0,2.806451612903226
Landsmeer                               ,33810.0,16297.0,17498.0,5704.0,3672.0,7187.0,10473.0,6834.0,369.5,88.2,703.0,289.0,32.41,36.599999999999994,3930.0,3.9
Langedijk                               ,82808.0,41114.0,41679.0,14445.0,10050.0,18090.0,24633.0,15635.0,258.55555555555554,87.55555555555556,692.0,203.0,25.7,44.300000000000004,7185.0,4.0
Lansingerland                           ,180475.0,89733.0,90877.0,39300.0,19840.0,44333.0,50238.0,25864.0,289.5483870967742,85.52307692307693,4798.0,1643.0,31.375806451612902,215.0999999999999,17675.0,3.3684210526315788
Laren                                   ,33238.0,15653.0,17575.0,5306.0,2871.0,5037.0,9833.0,10256.0,739.3636363636364,83.36363636363636,772.0,307.0,51.78181818181818,65.5,5435.0,3.75
Leek                                    ,58903.0,29039.0,29819.0,9763.0,6526.0,12178.0,17788.0,12493.0,228.43478260869566,95.1875,2616.0,581.0,25.88076923076923,87.5,5080.0,4.696969696969697
Leerdam                                 ,62700.0,30809.0,31881.0,10859.0,7675.0,14899.0,17117.0,12165.0,236.88888888888889,74.11111111111111,556.0,337.0,24.72222222222222,46.699999999999996,4645.0,3.4444444444444446
Leeuwarden                              ,325877.0,161356.0,164361.0,49509.0,50508.0,85295.0,83885.0,55820.0,144.58823529411765,67.2991452991453,6312.0,5247.0,22.58899082568807,1234.0,24660.0,2.900709219858156
Leeuwarderadeel                         ,30313.0,15101.0,15182.0,4726.0,3418.0,5979.0,9396.0,6669.0,171.3,97.42857142857143,1114.0,276.0,23.8,50.50000000000001,2155.0,4.8125
Leiden                                  ,370846.0,180072.0,190629.0,50569.0,67132.0,109040.0,90897.0,53318.0,240.66666666666666,46.12698412698413,3002.0,3218.0,27.91746031746033,545.8000000000003,28085.0,1.353846153846154
Leiderdorp                              ,81353.0,39384.0,41929.0,13359.0,9325.0,16924.0,24162.0,17628.0,246.78947368421052,57.95,1193.0,703.0,28.684999999999995,125.09999999999997,5810.0,1.85
Leidschendam-Voorburg                   ,223894.0,107518.0,116426.0,36487.0,21157.0,53826.0,62265.0,50514.0,274.0731707317073,47.642857142857146,2556.0,1613.0,31.517073170731702,246.8,17245.0,1.8333333333333333
Lelystad                                ,231057.0,115940.0,115427.0,43103.0,26100.0,59383.0,63700.0,37226.0,184.1573033707865,77.3716814159292,7117.0,4104.0,25.34375,734.9,18330.0,3.7109826589595376
Leudal                                  ,107738.0,54747.0,53101.0,14641.0,12167.0,21297.0,34755.0,24298.0,230.0,90.625,3847.0,862.0,25.778260869565216,185.79999999999998,8990.0,4.918367346938775
Leusden                                 ,88952.0,43709.0,45183.0,15390.0,9841.0,18494.0,27760.0,17877.0,300.34285714285716,84.8,2482.0,992.0,29.365714285714283,136.9,8565.0,3.1714285714285713
Lingewaal                               ,33438.0,16691.0,16732.0,5765.0,3910.0,7168.0,10295.0,6245.0,280.3125,91.375,1134.0,457.0,26.825000000000003,52.300000000000004,3255.0,4.823529411764706
Lingewaard                              ,138602.0,68753.0,69909.0,23473.0,15088.0,29655.0,42852.0,27189.0,273.25,86.29629629629629,2075.0,597.0,27.015384615384615,94.5,10420.0,4.333333333333333
Lisse                                   ,68077.0,33448.0,34529.0,10877.0,7559.0,15163.0,19996.0,14562.0,272.48571428571427,75.79069767441861,2936.0,1350.0,28.08648648648649,145.0,6110.0,3.0697674418604652
Littenseradiel                          ,32186.0,16450.0,15711.0,5751.0,3749.0,6531.0,9820.0,5910.0,189.875,97.5813953488372,3587.0,668.0,23.475757575757573,88.30000000000001,3410.0,5.0
Lochem                                  ,100600.0,49669.0,50871.0,14968.0,10194.0,17470.0,31514.0,26914.0,326.225,84.09302325581395,3195.0,1036.0,28.758536585365846,190.3,10430.0,4.627906976744186
Loon op Zand                            ,69208.0,34296.0,34817.0,10586.0,7698.0,14865.0,21234.0,14720.0,266.59375,83.48571428571428,2329.0,1160.0,26.403030303030306,137.8,6190.0,3.5675675675675675
Lopik                                   ,42593.0,21554.0,21004.0,7683.0,5965.0,9171.0,13115.0,6829.0,317.2142857142857,90.8125,1243.0,344.0,26.893749999999997,63.199999999999996,4635.0,4.9375
Loppersum                               ,29709.0,15046.0,14643.0,4799.0,3182.0,5806.0,9672.0,6140.0,152.77272727272728,96.70370370370371,2032.0,634.0,23.916666666666668,113.79999999999998,2575.0,5.0
Losser                                  ,67432.0,33912.0,33480.0,10568.0,7335.0,13704.0,20733.0,14942.0,239.22222222222223,84.57894736842105,1420.0,439.0,24.083333333333332,76.2,5075.0,4.631578947368421
Maasdriel                               ,72725.0,36880.0,35830.0,12240.0,8235.0,16521.0,22780.0,13269.0,286.5833333333333,95.06666666666666,2278.0,690.0,26.167857142857144,84.0,9135.0,4.866666666666666
Maasgouw                                ,71284.0,35820.0,35519.0,8637.0,7182.0,13730.0,23821.0,17584.0,212.23809523809524,90.79166666666667,1826.0,545.0,26.545454545454547,77.7,6145.0,4.92
Maassluis                               ,97290.0,47702.0,49533.0,15506.0,10438.0,23098.0,26622.0,21701.0,204.3913043478261,55.370370370370374,1459.0,1189.0,26.442307692307693,171.6,6200.0,2.2142857142857144
Maastricht                              ,368138.0,176760.0,191293.0,39609.0,70347.0,86646.0,96064.0,75047.0,205.89361702127658,57.76,2148.0,2675.0,25.753191489361704,469.50000000000006,27110.0,2.2884615384615383
Marum                                   ,31148.0,16079.0,15054.0,4997.0,3900.0,6677.0,9912.0,5587.0,253.875,96.83333333333333,1477.0,317.0,24.394117647058817,39.3,2745.0,4.944444444444445
Medemblik                               ,132088.0,67182.0,64816.0,22568.0,15290.0,29113.0,39487.0,25915.0,245.95454545454547,92.0909090909091,3285.0,1085.0,25.697727272727267,191.69999999999996,13545.0,4.622222222222222
Meerssen                                ,57177.0,28163.0,28984.0,7567.0,5770.0,10697.0,18542.0,14446.0,248.8,88.0,1374.0,408.0,29.900000000000006,47.2,4420.0,4.666666666666667
Meierijstad                             ,239774.0,120335.0,119649.0,38919.0,27775.0,54886.0,72037.0,46477.0,299.71264367816093,87.51578947368421,7330.0,2069.0,26.787777777777773,295.3999999999999,23335.0,3.9693877551020407
Menameradiel                            ,40409.0,20739.0,19715.0,7030.0,4539.0,8229.0,12612.0,8189.0,179.77777777777777,96.91666666666667,1895.0,505.0,23.542857142857137,70.49999999999999,3175.0,5.0
Menterwolde                             ,36527.0,18586.0,17991.0,5446.0,4060.0,7662.0,12264.0,7155.0,158.14285714285714,96.0909090909091,1671.0,511.0,23.847058823529412,69.89999999999999,2585.0,4.909090909090909
Meppel                                  ,90310.0,43967.0,46303.0,15463.0,9912.0,22055.0,25606.0,17004.0,181.82758620689654,78.2258064516129,1882.0,1147.0,23.49310344827586,212.5,6185.0,3.090909090909091
Nederland                               ,17081507.0,8475102.0,8606405.0,2781768.0,2101648.0,4214276.0,4824155.0,3159660.0,216.0,64.0,56.0,43.0,25.7,7.9,1508540.0,2.0
Ten Boer                                ,21858.0,10807.0,11031.0,3960.0,2479.0,4569.0,6540.0,4260.0,178.0,97.53333333333333,1245.0,250.0,24.736363636363635,50.7,1730.0,4.933333333333334
